question,answer
چه کسی خدای جشن و شراب است؟,دیونیسوس
کدام خدا دارای حلقه تیره است؟,هادس
کدام الهه با خوک و مار همراه است؟,دمتر
چه کسی دارای تاج و تخت است؟,هرا
چه کسی با کلاه خود به تصویر کشیده می‌شود؟,آرس
کدام خدا با دلفین همراه است؟,دیونیسوس
چه کسی گاوآهن و سگ را دارد؟,هفایستوس
چه کسی با لاک‌پشت مرتبط است؟,هرمس
چه کسی بر عالم اموات حکومت می‌کند؟,هادس
چه کسی دارای چکش آهنگری است؟,هفایستوس
