[
    {
        "question_number": 1,
        "answer": "ارتش فنلاند."
    },
    {
        "question_number": 2,
        "answer": "دانشگاه آمستردام."
    },
    {
        "question_number": 3,
        "answer": "۲ درصد"
    },
    {
        "question_number": 4,
        "answer": "ریچارد استالمن."
    },
    {
        "question_number": 5,
        "answer": "IBM"
    },
    {
        "question_number": 6,
        "answer": "لیسپ."
    },
    {
        "question_number": 7,
        "answer": "چین."
    },
    {
        "question_number": 8,
        "answer": "OpenStreet Map!"
    },
    {
        "question_number": 9,
        "answer": "آزادی اجرا."
    },
    {
        "question_number": 10,
        "answer": "خیر."
    },
    {
        "question_number": 11,
        "answer": "FHS."
    },
    {
        "question_number": 12,
        "answer": "«رزومه»"
    },
    {
        "question_number": 13,
        "answer": "پروجکشن بایاس."
    },
    {
        "question_number": 14,
        "answer": "برنامه‌نویسی."
    },
    {
        "question_number": 15,
        "answer": "آگهی‌های شغلی گوگل."
    },
    {
        "question_number": 16,
        "answer": "کنجکاوی"
    }
]